-- PROVINCES --
INSERT INTO `godung_online`.`province` (`PROVINCE_ID`, `PROVINCE_CODE`, `PROVINCE_NAME`, `GEO_ID`) VALUES (1, '10', 'กรุงเทพมหานคร', 2);
INSERT INTO `godung_online`.`province` (`PROVINCE_ID`, `PROVINCE_CODE`, `PROVINCE_NAME`, `GEO_ID`) VALUES (2, '11', 'สมุทรปราการ', 2);
INSERT INTO `godung_online`.`province` (`PROVINCE_ID`, `PROVINCE_CODE`, `PROVINCE_NAME`, `GEO_ID`) VALUES (3, '12', 'นนทบุรี', 2);
INSERT INTO `godung_online`.`province` (`PROVINCE_ID`, `PROVINCE_CODE`, `PROVINCE_NAME`, `GEO_ID`) VALUES (4, '13', 'ปทุมธานี', 2);
INSERT INTO `godung_online`.`province` (`PROVINCE_ID`, `PROVINCE_CODE`, `PROVINCE_NAME`, `GEO_ID`) VALUES (5, '14', 'พระนครศรีอยุธยา', 2);
INSERT INTO `godung_online`.`province` (`PROVINCE_ID`, `PROVINCE_CODE`, `PROVINCE_NAME`, `GEO_ID`) VALUES (6, '15', 'อ่างทอง', 2);
INSERT INTO `godung_online`.`province` (`PROVINCE_ID`, `PROVINCE_CODE`, `PROVINCE_NAME`, `GEO_ID`) VALUES (7, '16', 'ลพบุรี', 2);
INSERT INTO `godung_online`.`province` (`PROVINCE_ID`, `PROVINCE_CODE`, `PROVINCE_NAME`, `GEO_ID`) VALUES (8, '17', 'สิงห์บุรี', 2);
INSERT INTO `godung_online`.`province` (`PROVINCE_ID`, `PROVINCE_CODE`, `PROVINCE_NAME`, `GEO_ID`) VALUES (9, '18', 'ชัยนาท', 2);
INSERT INTO `godung_online`.`province` (`PROVINCE_ID`, `PROVINCE_CODE`, `PROVINCE_NAME`, `GEO_ID`) VALUES (10, '19', 'สระบุรี', 2);
INSERT INTO `godung_online`.`province` (`PROVINCE_ID`, `PROVINCE_CODE`, `PROVINCE_NAME`, `GEO_ID`) VALUES (11, '20', 'ชลบุรี', 5);
INSERT INTO `godung_online`.`province` (`PROVINCE_ID`, `PROVINCE_CODE`, `PROVINCE_NAME`, `GEO_ID`) VALUES (12, '21', 'ระยอง', 5);
INSERT INTO `godung_online`.`province` (`PROVINCE_ID`, `PROVINCE_CODE`, `PROVINCE_NAME`, `GEO_ID`) VALUES (13, '22', 'จันทบุรี', 5);
INSERT INTO `godung_online`.`province` (`PROVINCE_ID`, `PROVINCE_CODE`, `PROVINCE_NAME`, `GEO_ID`) VALUES (14, '23', 'ตราด', 5);
INSERT INTO `godung_online`.`province` (`PROVINCE_ID`, `PROVINCE_CODE`, `PROVINCE_NAME`, `GEO_ID`) VALUES (15, '24', 'ฉะเชิงเทรา', 5);
INSERT INTO `godung_online`.`province` (`PROVINCE_ID`, `PROVINCE_CODE`, `PROVINCE_NAME`, `GEO_ID`) VALUES (16, '25', 'ปราจีนบุรี', 5);
INSERT INTO `godung_online`.`province` (`PROVINCE_ID`, `PROVINCE_CODE`, `PROVINCE_NAME`, `GEO_ID`) VALUES (17, '26', 'นครนายก', 2);
INSERT INTO `godung_online`.`province` (`PROVINCE_ID`, `PROVINCE_CODE`, `PROVINCE_NAME`, `GEO_ID`) VALUES (18, '27', 'สระแก้ว', 5);
INSERT INTO `godung_online`.`province` (`PROVINCE_ID`, `PROVINCE_CODE`, `PROVINCE_NAME`, `GEO_ID`) VALUES (19, '30', 'นครราชสีมา', 3);
INSERT INTO `godung_online`.`province` (`PROVINCE_ID`, `PROVINCE_CODE`, `PROVINCE_NAME`, `GEO_ID`) VALUES (20, '31', 'บุรีรัมย์', 3);
INSERT INTO `godung_online`.`province` (`PROVINCE_ID`, `PROVINCE_CODE`, `PROVINCE_NAME`, `GEO_ID`) VALUES (21, '32', 'สุรินทร์', 3);
INSERT INTO `godung_online`.`province` (`PROVINCE_ID`, `PROVINCE_CODE`, `PROVINCE_NAME`, `GEO_ID`) VALUES (22, '33', 'ศรีสะเกษ', 3);
INSERT INTO `godung_online`.`province` (`PROVINCE_ID`, `PROVINCE_CODE`, `PROVINCE_NAME`, `GEO_ID`) VALUES (23, '34', 'อุบลราชธานี', 3);
INSERT INTO `godung_online`.`province` (`PROVINCE_ID`, `PROVINCE_CODE`, `PROVINCE_NAME`, `GEO_ID`) VALUES (24, '35', 'ยโสธร', 3);
INSERT INTO `godung_online`.`province` (`PROVINCE_ID`, `PROVINCE_CODE`, `PROVINCE_NAME`, `GEO_ID`) VALUES (25, '36', 'ชัยภูมิ', 3);
INSERT INTO `godung_online`.`province` (`PROVINCE_ID`, `PROVINCE_CODE`, `PROVINCE_NAME`, `GEO_ID`) VALUES (26, '37', 'อำนาจเจริญ', 3);
INSERT INTO `godung_online`.`province` (`PROVINCE_ID`, `PROVINCE_CODE`, `PROVINCE_NAME`, `GEO_ID`) VALUES (27, '39', 'หนองบัวลำภู', 3);
INSERT INTO `godung_online`.`province` (`PROVINCE_ID`, `PROVINCE_CODE`, `PROVINCE_NAME`, `GEO_ID`) VALUES (28, '40', 'ขอนแก่น', 3);
INSERT INTO `godung_online`.`province` (`PROVINCE_ID`, `PROVINCE_CODE`, `PROVINCE_NAME`, `GEO_ID`) VALUES (29, '41', 'อุดรธานี', 3);
INSERT INTO `godung_online`.`province` (`PROVINCE_ID`, `PROVINCE_CODE`, `PROVINCE_NAME`, `GEO_ID`) VALUES (30, '42', 'เลย', 3);
INSERT INTO `godung_online`.`province` (`PROVINCE_ID`, `PROVINCE_CODE`, `PROVINCE_NAME`, `GEO_ID`) VALUES (31, '43', 'หนองคาย', 3);
INSERT INTO `godung_online`.`province` (`PROVINCE_ID`, `PROVINCE_CODE`, `PROVINCE_NAME`, `GEO_ID`) VALUES (32, '44', 'มหาสารคาม', 3);
INSERT INTO `godung_online`.`province` (`PROVINCE_ID`, `PROVINCE_CODE`, `PROVINCE_NAME`, `GEO_ID`) VALUES (33, '45', 'ร้อยเอ็ด', 3);
INSERT INTO `godung_online`.`province` (`PROVINCE_ID`, `PROVINCE_CODE`, `PROVINCE_NAME`, `GEO_ID`) VALUES (34, '46', 'กาฬสินธุ์', 3);
INSERT INTO `godung_online`.`province` (`PROVINCE_ID`, `PROVINCE_CODE`, `PROVINCE_NAME`, `GEO_ID`) VALUES (35, '47', 'สกลนคร', 3);
INSERT INTO `godung_online`.`province` (`PROVINCE_ID`, `PROVINCE_CODE`, `PROVINCE_NAME`, `GEO_ID`) VALUES (36, '48', 'นครพนม', 3);
INSERT INTO `godung_online`.`province` (`PROVINCE_ID`, `PROVINCE_CODE`, `PROVINCE_NAME`, `GEO_ID`) VALUES (37, '49', 'มุกดาหาร', 3);
INSERT INTO `godung_online`.`province` (`PROVINCE_ID`, `PROVINCE_CODE`, `PROVINCE_NAME`, `GEO_ID`) VALUES (38, '50', 'เชียงใหม่', 1);
INSERT INTO `godung_online`.`province` (`PROVINCE_ID`, `PROVINCE_CODE`, `PROVINCE_NAME`, `GEO_ID`) VALUES (39, '51', 'ลำพูน', 1);
INSERT INTO `godung_online`.`province` (`PROVINCE_ID`, `PROVINCE_CODE`, `PROVINCE_NAME`, `GEO_ID`) VALUES (40, '52', 'ลำปาง', 1);
INSERT INTO `godung_online`.`province` (`PROVINCE_ID`, `PROVINCE_CODE`, `PROVINCE_NAME`, `GEO_ID`) VALUES (41, '53', 'อุตรดิตถ์', 1);
INSERT INTO `godung_online`.`province` (`PROVINCE_ID`, `PROVINCE_CODE`, `PROVINCE_NAME`, `GEO_ID`) VALUES (42, '54', 'แพร่', 1);
INSERT INTO `godung_online`.`province` (`PROVINCE_ID`, `PROVINCE_CODE`, `PROVINCE_NAME`, `GEO_ID`) VALUES (43, '55', 'น่าน', 1);
INSERT INTO `godung_online`.`province` (`PROVINCE_ID`, `PROVINCE_CODE`, `PROVINCE_NAME`, `GEO_ID`) VALUES (44, '56', 'พะเยา', 1);
INSERT INTO `godung_online`.`province` (`PROVINCE_ID`, `PROVINCE_CODE`, `PROVINCE_NAME`, `GEO_ID`) VALUES (45, '57', 'เชียงราย', 1);
INSERT INTO `godung_online`.`province` (`PROVINCE_ID`, `PROVINCE_CODE`, `PROVINCE_NAME`, `GEO_ID`) VALUES (46, '58', 'แม่ฮ่องสอน', 1);
INSERT INTO `godung_online`.`province` (`PROVINCE_ID`, `PROVINCE_CODE`, `PROVINCE_NAME`, `GEO_ID`) VALUES (47, '60', 'นครสวรรค์', 2);
INSERT INTO `godung_online`.`province` (`PROVINCE_ID`, `PROVINCE_CODE`, `PROVINCE_NAME`, `GEO_ID`) VALUES (48, '61', 'อุทัยธานี', 2);
INSERT INTO `godung_online`.`province` (`PROVINCE_ID`, `PROVINCE_CODE`, `PROVINCE_NAME`, `GEO_ID`) VALUES (49, '62', 'กำแพงเพชร', 2);
INSERT INTO `godung_online`.`province` (`PROVINCE_ID`, `PROVINCE_CODE`, `PROVINCE_NAME`, `GEO_ID`) VALUES (50, '63', 'ตาก', 4);
INSERT INTO `godung_online`.`province` (`PROVINCE_ID`, `PROVINCE_CODE`, `PROVINCE_NAME`, `GEO_ID`) VALUES (51, '64', 'สุโขทัย', 2);
INSERT INTO `godung_online`.`province` (`PROVINCE_ID`, `PROVINCE_CODE`, `PROVINCE_NAME`, `GEO_ID`) VALUES (52, '65', 'พิษณุโลก', 2);
INSERT INTO `godung_online`.`province` (`PROVINCE_ID`, `PROVINCE_CODE`, `PROVINCE_NAME`, `GEO_ID`) VALUES (53, '66', 'พิจิตร', 2);
INSERT INTO `godung_online`.`province` (`PROVINCE_ID`, `PROVINCE_CODE`, `PROVINCE_NAME`, `GEO_ID`) VALUES (54, '67', 'เพชรบูรณ์', 2);
INSERT INTO `godung_online`.`province` (`PROVINCE_ID`, `PROVINCE_CODE`, `PROVINCE_NAME`, `GEO_ID`) VALUES (55, '70', 'ราชบุรี', 4);
INSERT INTO `godung_online`.`province` (`PROVINCE_ID`, `PROVINCE_CODE`, `PROVINCE_NAME`, `GEO_ID`) VALUES (56, '71', 'กาญจนบุรี', 4);
INSERT INTO `godung_online`.`province` (`PROVINCE_ID`, `PROVINCE_CODE`, `PROVINCE_NAME`, `GEO_ID`) VALUES (57, '72', 'สุพรรณบุรี', 2);
INSERT INTO `godung_online`.`province` (`PROVINCE_ID`, `PROVINCE_CODE`, `PROVINCE_NAME`, `GEO_ID`) VALUES (58, '73', 'นครปฐม', 2);
INSERT INTO `godung_online`.`province` (`PROVINCE_ID`, `PROVINCE_CODE`, `PROVINCE_NAME`, `GEO_ID`) VALUES (59, '74', 'สมุทรสาคร', 2);
INSERT INTO `godung_online`.`province` (`PROVINCE_ID`, `PROVINCE_CODE`, `PROVINCE_NAME`, `GEO_ID`) VALUES (60, '75', 'สมุทรสงคราม', 2);
INSERT INTO `godung_online`.`province` (`PROVINCE_ID`, `PROVINCE_CODE`, `PROVINCE_NAME`, `GEO_ID`) VALUES (61, '76', 'เพชรบุรี', 4);
INSERT INTO `godung_online`.`province` (`PROVINCE_ID`, `PROVINCE_CODE`, `PROVINCE_NAME`, `GEO_ID`) VALUES (62, '77', 'ประจวบคีรีขันธ์', 4);
INSERT INTO `godung_online`.`province` (`PROVINCE_ID`, `PROVINCE_CODE`, `PROVINCE_NAME`, `GEO_ID`) VALUES (63, '80', 'นครศรีธรรมราช', 6);
INSERT INTO `godung_online`.`province` (`PROVINCE_ID`, `PROVINCE_CODE`, `PROVINCE_NAME`, `GEO_ID`) VALUES (64, '81', 'กระบี่', 6);
INSERT INTO `godung_online`.`province` (`PROVINCE_ID`, `PROVINCE_CODE`, `PROVINCE_NAME`, `GEO_ID`) VALUES (65, '82', 'พังงา', 6);
INSERT INTO `godung_online`.`province` (`PROVINCE_ID`, `PROVINCE_CODE`, `PROVINCE_NAME`, `GEO_ID`) VALUES (66, '83', 'ภูเก็ต', 6);
INSERT INTO `godung_online`.`province` (`PROVINCE_ID`, `PROVINCE_CODE`, `PROVINCE_NAME`, `GEO_ID`) VALUES (67, '84', 'สุราษฎร์ธานี', 6);
INSERT INTO `godung_online`.`province` (`PROVINCE_ID`, `PROVINCE_CODE`, `PROVINCE_NAME`, `GEO_ID`) VALUES (68, '85', 'ระนอง', 6);
INSERT INTO `godung_online`.`province` (`PROVINCE_ID`, `PROVINCE_CODE`, `PROVINCE_NAME`, `GEO_ID`) VALUES (69, '86', 'ชุมพร', 6);
INSERT INTO `godung_online`.`province` (`PROVINCE_ID`, `PROVINCE_CODE`, `PROVINCE_NAME`, `GEO_ID`) VALUES (70, '90', 'สงขลา', 6);
INSERT INTO `godung_online`.`province` (`PROVINCE_ID`, `PROVINCE_CODE`, `PROVINCE_NAME`, `GEO_ID`) VALUES (71, '91', 'สตูล', 6);
INSERT INTO `godung_online`.`province` (`PROVINCE_ID`, `PROVINCE_CODE`, `PROVINCE_NAME`, `GEO_ID`) VALUES (72, '92', 'ตรัง', 6);
INSERT INTO `godung_online`.`province` (`PROVINCE_ID`, `PROVINCE_CODE`, `PROVINCE_NAME`, `GEO_ID`) VALUES (73, '93', 'พัทลุง', 6);
INSERT INTO `godung_online`.`province` (`PROVINCE_ID`, `PROVINCE_CODE`, `PROVINCE_NAME`, `GEO_ID`) VALUES (74, '94', 'ปัตตานี', 6);
INSERT INTO `godung_online`.`province` (`PROVINCE_ID`, `PROVINCE_CODE`, `PROVINCE_NAME`, `GEO_ID`) VALUES (75, '95', 'ยะลา', 6);
INSERT INTO `godung_online`.`province` (`PROVINCE_ID`, `PROVINCE_CODE`, `PROVINCE_NAME`, `GEO_ID`) VALUES (76, '96', 'นราธิวาส', 6);
INSERT INTO `godung_online`.`province` (`PROVINCE_ID`, `PROVINCE_CODE`, `PROVINCE_NAME`, `GEO_ID`) VALUES (77, '97', 'บึงกาฬ', 3);

-- COUNTRY --
INSERT INTO `godung_online`.`country` (`country_id`, `sortname`, `country_name`, `phonecode`) VALUES  (1, 'AF', 'Afghanistan', 93);
INSERT INTO `godung_online`.`country` (`country_id`, `sortname`, `country_name`, `phonecode`) VALUES  (2, 'AL', 'Albania', 355);
INSERT INTO `godung_online`.`country` (`country_id`, `sortname`, `country_name`, `phonecode`) VALUES  (3, 'DZ', 'Algeria', 213);
INSERT INTO `godung_online`.`country` (`country_id`, `sortname`, `country_name`, `phonecode`) VALUES  (4, 'AS', 'American Samoa', 1684);
INSERT INTO `godung_online`.`country` (`country_id`, `sortname`, `country_name`, `phonecode`) VALUES  (5, 'AD', 'Andorra', 376);
INSERT INTO `godung_online`.`country` (`country_id`, `sortname`, `country_name`, `phonecode`) VALUES  (6, 'AO', 'Angola', 244);
INSERT INTO `godung_online`.`country` (`country_id`, `sortname`, `country_name`, `phonecode`) VALUES  (7, 'AI', 'Anguilla', 1264);
INSERT INTO `godung_online`.`country` (`country_id`, `sortname`, `country_name`, `phonecode`) VALUES  (8, 'AQ', 'Antarctica', 0);
INSERT INTO `godung_online`.`country` (`country_id`, `sortname`, `country_name`, `phonecode`) VALUES  (9, 'AG', 'Antigua and Barbuda', 1268);
INSERT INTO `godung_online`.`country` (`country_id`, `sortname`, `country_name`, `phonecode`) VALUES  (10, 'AR', 'Argentina', 54);
INSERT INTO `godung_online`.`country` (`country_id`, `sortname`, `country_name`, `phonecode`) VALUES  (11, 'AM', 'Armenia', 374);
INSERT INTO `godung_online`.`country` (`country_id`, `sortname`, `country_name`, `phonecode`) VALUES  (12, 'AW', 'Aruba', 297);
INSERT INTO `godung_online`.`country` (`country_id`, `sortname`, `country_name`, `phonecode`) VALUES  (13, 'AU', 'Australia', 61);
INSERT INTO `godung_online`.`country` (`country_id`, `sortname`, `country_name`, `phonecode`) VALUES  (14, 'AT', 'Austria', 43);
INSERT INTO `godung_online`.`country` (`country_id`, `sortname`, `country_name`, `phonecode`) VALUES  (15, 'AZ', 'Azerbaijan', 994);
INSERT INTO `godung_online`.`country` (`country_id`, `sortname`, `country_name`, `phonecode`) VALUES  (16, 'BS', 'Bahamas', 1242);
INSERT INTO `godung_online`.`country` (`country_id`, `sortname`, `country_name`, `phonecode`) VALUES  (17, 'BH', 'Bahrain', 973);
INSERT INTO `godung_online`.`country` (`country_id`, `sortname`, `country_name`, `phonecode`) VALUES  (18, 'BD', 'Bangladesh', 880);
INSERT INTO `godung_online`.`country` (`country_id`, `sortname`, `country_name`, `phonecode`) VALUES  (19, 'BB', 'Barbados', 1246);
INSERT INTO `godung_online`.`country` (`country_id`, `sortname`, `country_name`, `phonecode`) VALUES  (20, 'BY', 'Belarus', 375);
INSERT INTO `godung_online`.`country` (`country_id`, `sortname`, `country_name`, `phonecode`) VALUES  (21, 'BE', 'Belgium', 32);
INSERT INTO `godung_online`.`country` (`country_id`, `sortname`, `country_name`, `phonecode`) VALUES  (22, 'BZ', 'Belize', 501);
INSERT INTO `godung_online`.`country` (`country_id`, `sortname`, `country_name`, `phonecode`) VALUES  (23, 'BJ', 'Benin', 229);
INSERT INTO `godung_online`.`country` (`country_id`, `sortname`, `country_name`, `phonecode`) VALUES  (24, 'BM', 'Bermuda', 1441);
INSERT INTO `godung_online`.`country` (`country_id`, `sortname`, `country_name`, `phonecode`) VALUES  (25, 'BT', 'Bhutan', 975);
INSERT INTO `godung_online`.`country` (`country_id`, `sortname`, `country_name`, `phonecode`) VALUES  (26, 'BO', 'Bolivia', 591);
INSERT INTO `godung_online`.`country` (`country_id`, `sortname`, `country_name`, `phonecode`) VALUES  (27, 'BA', 'Bosnia and Herzegovina', 387);
INSERT INTO `godung_online`.`country` (`country_id`, `sortname`, `country_name`, `phonecode`) VALUES  (28, 'BW', 'Botswana', 267);
--INSERT INTO `godung_online`.`country` (`country_id`, `sortname`, `country_name`, `phonecode`) VALUES  (29, 'BV', 'Bouvet Island', 0);
INSERT INTO `godung_online`.`country` (`country_id`, `sortname`, `country_name`, `phonecode`) VALUES  (30, 'BR', 'Brazil', 55);
--INSERT INTO `godung_online`.`country` (`country_id`, `sortname`, `country_name`, `phonecode`) VALUES  (31, 'IO', 'British Indian Ocean Territory', 246);
INSERT INTO `godung_online`.`country` (`country_id`, `sortname`, `country_name`, `phonecode`) VALUES  (32, 'BN', 'Brunei', 673);
INSERT INTO `godung_online`.`country` (`country_id`, `sortname`, `country_name`, `phonecode`) VALUES  (33, 'BG', 'Bulgaria', 359);
INSERT INTO `godung_online`.`country` (`country_id`, `sortname`, `country_name`, `phonecode`) VALUES  (34, 'BF', 'Burkina Faso', 226);
INSERT INTO `godung_online`.`country` (`country_id`, `sortname`, `country_name`, `phonecode`) VALUES  (35, 'BI', 'Burundi', 257);
INSERT INTO `godung_online`.`country` (`country_id`, `sortname`, `country_name`, `phonecode`) VALUES  (36, 'KH', 'Cambodia', 855);
INSERT INTO `godung_online`.`country` (`country_id`, `sortname`, `country_name`, `phonecode`) VALUES  (37, 'CM', 'Cameroon', 237);
INSERT INTO `godung_online`.`country` (`country_id`, `sortname`, `country_name`, `phonecode`) VALUES  (38, 'CA', 'Canada', 1);
INSERT INTO `godung_online`.`country` (`country_id`, `sortname`, `country_name`, `phonecode`) VALUES  (39, 'CV', 'Cape Verde', 238);
INSERT INTO `godung_online`.`country` (`country_id`, `sortname`, `country_name`, `phonecode`) VALUES  (40, 'KY', 'Cayman Islands', 1345);
INSERT INTO `godung_online`.`country` (`country_id`, `sortname`, `country_name`, `phonecode`) VALUES  (41, 'CF', 'Central African Republic', 236);
INSERT INTO `godung_online`.`country` (`country_id`, `sortname`, `country_name`, `phonecode`) VALUES  (42, 'TD', 'Chad', 235);
INSERT INTO `godung_online`.`country` (`country_id`, `sortname`, `country_name`, `phonecode`) VALUES  (43, 'CL', 'Chile', 56);
INSERT INTO `godung_online`.`country` (`country_id`, `sortname`, `country_name`, `phonecode`) VALUES  (44, 'CN', 'China', 86);
--INSERT INTO `godung_online`.`country` (`country_id`, `sortname`, `country_name`, `phonecode`) VALUES  (45, 'CX', 'Christmas Island', 61);
--INSERT INTO `godung_online`.`country` (`country_id`, `sortname`, `country_name`, `phonecode`) VALUES  (46, 'CC', 'Cocos (Keeling) Islands', 672);
INSERT INTO `godung_online`.`country` (`country_id`, `sortname`, `country_name`, `phonecode`) VALUES  (47, 'CO', 'Colombia', 57);
INSERT INTO `godung_online`.`country` (`country_id`, `sortname`, `country_name`, `phonecode`) VALUES  (48, 'KM', 'Comoros', 269);
--INSERT INTO `godung_online`.`country` (`country_id`, `sortname`, `country_name`, `phonecode`) VALUES  (49, 'CG', 'Republic Of The Congo', 242);
--INSERT INTO `godung_online`.`country` (`country_id`, `sortname`, `country_name`, `phonecode`) VALUES  (50, 'CD', 'Democratic Republic Of The Congo', 242);
INSERT INTO `godung_online`.`country` (`country_id`, `sortname`, `country_name`, `phonecode`) VALUES  (51, 'CK', 'Cook Islands', 682);
INSERT INTO `godung_online`.`country` (`country_id`, `sortname`, `country_name`, `phonecode`) VALUES  (52, 'CR', 'Costa Rica', 506);
INSERT INTO `godung_online`.`country` (`country_id`, `sortname`, `country_name`, `phonecode`) VALUES  (53, 'CI', 'Cote d''Ivoire', 225);
INSERT INTO `godung_online`.`country` (`country_id`, `sortname`, `country_name`, `phonecode`) VALUES  (54, 'HR', 'Croatia', 385);
INSERT INTO `godung_online`.`country` (`country_id`, `sortname`, `country_name`, `phonecode`) VALUES  (55, 'CU', 'Cuba', 53);
INSERT INTO `godung_online`.`country` (`country_id`, `sortname`, `country_name`, `phonecode`) VALUES  (56, 'CY', 'Cyprus', 357);
INSERT INTO `godung_online`.`country` (`country_id`, `sortname`, `country_name`, `phonecode`) VALUES  (57, 'CZ', 'Czech Republic', 420);
INSERT INTO `godung_online`.`country` (`country_id`, `sortname`, `country_name`, `phonecode`) VALUES  (58, 'DK', 'Denmark', 45);
INSERT INTO `godung_online`.`country` (`country_id`, `sortname`, `country_name`, `phonecode`) VALUES  (59, 'DJ', 'Djibouti', 253);
INSERT INTO `godung_online`.`country` (`country_id`, `sortname`, `country_name`, `phonecode`) VALUES  (60, 'DM', 'Dominica', 1767);
INSERT INTO `godung_online`.`country` (`country_id`, `sortname`, `country_name`, `phonecode`) VALUES  (61, 'DO', 'Dominican Republic', 1809);
--INSERT INTO `godung_online`.`country` (`country_id`, `sortname`, `country_name`, `phonecode`) VALUES  (62, 'TP', 'East Timor', 670);
INSERT INTO `godung_online`.`country` (`country_id`, `sortname`, `country_name`, `phonecode`) VALUES  (63, 'EC', 'Equador', 593);
INSERT INTO `godung_online`.`country` (`country_id`, `sortname`, `country_name`, `phonecode`) VALUES  (64, 'EG', 'Egypt', 20);
INSERT INTO `godung_online`.`country` (`country_id`, `sortname`, `country_name`, `phonecode`) VALUES  (65, 'SV', 'El Salvador', 503);
INSERT INTO `godung_online`.`country` (`country_id`, `sortname`, `country_name`, `phonecode`) VALUES  (66, 'GQ', 'Equatorial Guinea', 240);
INSERT INTO `godung_online`.`country` (`country_id`, `sortname`, `country_name`, `phonecode`) VALUES  (67, 'ER', 'Eritrea', 291);
INSERT INTO `godung_online`.`country` (`country_id`, `sortname`, `country_name`, `phonecode`) VALUES  (68, 'EE', 'Estonia', 372);
INSERT INTO `godung_online`.`country` (`country_id`, `sortname`, `country_name`, `phonecode`) VALUES  (69, 'ET', 'Ethiopia', 251);
--INSERT INTO `godung_online`.`country` (`country_id`, `sortname`, `country_name`, `phonecode`) VALUES  (70, 'XA', 'External Territories of Australia', 61);
--INSERT INTO `godung_online`.`country` (`country_id`, `sortname`, `country_name`, `phonecode`) VALUES  (71, 'FK', 'Falkland Islands', 500);
INSERT INTO `godung_online`.`country` (`country_id`, `sortname`, `country_name`, `phonecode`) VALUES  (72, 'FO', 'Faroes', 298);
INSERT INTO `godung_online`.`country` (`country_id`, `sortname`, `country_name`, `phonecode`) VALUES  (73, 'FJ', 'Fiji', 679);
INSERT INTO `godung_online`.`country` (`country_id`, `sortname`, `country_name`, `phonecode`) VALUES  (74, 'FI', 'Finland', 358);
INSERT INTO `godung_online`.`country` (`country_id`, `sortname`, `country_name`, `phonecode`) VALUES  (75, 'FR', 'France', 33);
--INSERT INTO `godung_online`.`country` (`country_id`, `sortname`, `country_name`, `phonecode`) VALUES  (76, 'GF', 'French Guiana', 594);
--INSERT INTO `godung_online`.`country` (`country_id`, `sortname`, `country_name`, `phonecode`) VALUES  (77, 'PF', 'French Polynesia', 689);
--INSERT INTO `godung_online`.`country` (`country_id`, `sortname`, `country_name`, `phonecode`) VALUES  (78, 'TF', 'French Southern Territories', 0);
INSERT INTO `godung_online`.`country` (`country_id`, `sortname`, `country_name`, `phonecode`) VALUES  (79, 'GA', 'Gabon', 241);
INSERT INTO `godung_online`.`country` (`country_id`, `sortname`, `country_name`, `phonecode`) VALUES  (80, 'GM', 'Gambia', 220);
INSERT INTO `godung_online`.`country` (`country_id`, `sortname`, `country_name`, `phonecode`) VALUES  (81, 'GE', 'Georgia', 995);
INSERT INTO `godung_online`.`country` (`country_id`, `sortname`, `country_name`, `phonecode`) VALUES  (82, 'DE', 'Germany', 49);
INSERT INTO `godung_online`.`country` (`country_id`, `sortname`, `country_name`, `phonecode`) VALUES  (83, 'GH', 'Ghana', 233);
INSERT INTO `godung_online`.`country` (`country_id`, `sortname`, `country_name`, `phonecode`) VALUES  (84, 'GI', 'Gibraltar', 350);
INSERT INTO `godung_online`.`country` (`country_id`, `sortname`, `country_name`, `phonecode`) VALUES  (85, 'GR', 'Greece', 30);
INSERT INTO `godung_online`.`country` (`country_id`, `sortname`, `country_name`, `phonecode`) VALUES  (86, 'GL', 'Greenland', 299);
INSERT INTO `godung_online`.`country` (`country_id`, `sortname`, `country_name`, `phonecode`) VALUES  (87, 'GD', 'Grenada', 1473);
INSERT INTO `godung_online`.`country` (`country_id`, `sortname`, `country_name`, `phonecode`) VALUES  (88, 'GP', 'Guadeloupe', 590);
INSERT INTO `godung_online`.`country` (`country_id`, `sortname`, `country_name`, `phonecode`) VALUES  (89, 'GU', 'Guam', 1671);
INSERT INTO `godung_online`.`country` (`country_id`, `sortname`, `country_name`, `phonecode`) VALUES  (90, 'GT', 'Guatemala', 502);
INSERT INTO `godung_online`.`country` (`country_id`, `sortname`, `country_name`, `phonecode`) VALUES  (91, 'XU', 'Guernsey', 44);
INSERT INTO `godung_online`.`country` (`country_id`, `sortname`, `country_name`, `phonecode`) VALUES  (92, 'GN', 'Guinea', 224);
INSERT INTO `godung_online`.`country` (`country_id`, `sortname`, `country_name`, `phonecode`) VALUES  (93, 'GW', 'Guinea-Bissau', 245);
INSERT INTO `godung_online`.`country` (`country_id`, `sortname`, `country_name`, `phonecode`) VALUES  (94, 'GY', 'Guyana', 592);
INSERT INTO `godung_online`.`country` (`country_id`, `sortname`, `country_name`, `phonecode`) VALUES  (95, 'HT', 'Haiti', 509);
--INSERT INTO `godung_online`.`country` (`country_id`, `sortname`, `country_name`, `phonecode`) VALUES  (96, 'HM', 'Heard and McDonald Islands', 0);
INSERT INTO `godung_online`.`country` (`country_id`, `sortname`, `country_name`, `phonecode`) VALUES  (97, 'HN', 'Honduras', 504);
INSERT INTO `godung_online`.`country` (`country_id`, `sortname`, `country_name`, `phonecode`) VALUES  (98, 'HK', 'Hong Kong', 852);
INSERT INTO `godung_online`.`country` (`country_id`, `sortname`, `country_name`, `phonecode`) VALUES  (99, 'HU', 'Hungary', 36);
INSERT INTO `godung_online`.`country` (`country_id`, `sortname`, `country_name`, `phonecode`) VALUES  (100, 'IS', 'Iceland', 354);
INSERT INTO `godung_online`.`country` (`country_id`, `sortname`, `country_name`, `phonecode`) VALUES  (101, 'IN', 'India', 91);
INSERT INTO `godung_online`.`country` (`country_id`, `sortname`, `country_name`, `phonecode`) VALUES  (102, 'ID', 'Indonesia', 62);
INSERT INTO `godung_online`.`country` (`country_id`, `sortname`, `country_name`, `phonecode`) VALUES  (103, 'IR', 'Iran', 98);
INSERT INTO `godung_online`.`country` (`country_id`, `sortname`, `country_name`, `phonecode`) VALUES  (104, 'IQ', 'Iraq', 964);
INSERT INTO `godung_online`.`country` (`country_id`, `sortname`, `country_name`, `phonecode`) VALUES  (105, 'IE', 'Ireland', 353);
INSERT INTO `godung_online`.`country` (`country_id`, `sortname`, `country_name`, `phonecode`) VALUES  (106, 'IL', 'Israel', 972);
INSERT INTO `godung_online`.`country` (`country_id`, `sortname`, `country_name`, `phonecode`) VALUES  (107, 'IT', 'Italy', 39);
INSERT INTO `godung_online`.`country` (`country_id`, `sortname`, `country_name`, `phonecode`) VALUES  (108, 'JM', 'Jamaica', 1876);
INSERT INTO `godung_online`.`country` (`country_id`, `sortname`, `country_name`, `phonecode`) VALUES  (109, 'JP', 'Japan', 81);
INSERT INTO `godung_online`.`country` (`country_id`, `sortname`, `country_name`, `phonecode`) VALUES  (110, 'XJ', 'Jersey', 44);
INSERT INTO `godung_online`.`country` (`country_id`, `sortname`, `country_name`, `phonecode`) VALUES  (111, 'JO', 'Jordan', 962);
INSERT INTO `godung_online`.`country` (`country_id`, `sortname`, `country_name`, `phonecode`) VALUES  (112, 'KZ', 'Kazakhstan', 7);
INSERT INTO `godung_online`.`country` (`country_id`, `sortname`, `country_name`, `phonecode`) VALUES  (113, 'KE', 'Kenya', 254);
INSERT INTO `godung_online`.`country` (`country_id`, `sortname`, `country_name`, `phonecode`) VALUES  (114, 'KI', 'Kiribati', 686);
--INSERT INTO `godung_online`.`country` (`country_id`, `sortname`, `country_name`, `phonecode`) VALUES  (115, 'KP', 'Korea North', 850);
--INSERT INTO `godung_online`.`country` (`country_id`, `sortname`, `country_name`, `phonecode`) VALUES  (116, 'KR', 'Korea South', 82);
INSERT INTO `godung_online`.`country` (`country_id`, `sortname`, `country_name`, `phonecode`) VALUES  (117, 'KW', 'Kuwait', 965);
INSERT INTO `godung_online`.`country` (`country_id`, `sortname`, `country_name`, `phonecode`) VALUES  (118, 'KG', 'Kyrgyzstan', 996);
INSERT INTO `godung_online`.`country` (`country_id`, `sortname`, `country_name`, `phonecode`) VALUES  (119, 'LA', 'Laos', 856);
INSERT INTO `godung_online`.`country` (`country_id`, `sortname`, `country_name`, `phonecode`) VALUES  (120, 'LV', 'Latvia', 371);
INSERT INTO `godung_online`.`country` (`country_id`, `sortname`, `country_name`, `phonecode`) VALUES  (121, 'LB', 'Lebanon', 961);
INSERT INTO `godung_online`.`country` (`country_id`, `sortname`, `country_name`, `phonecode`) VALUES  (122, 'LS', 'Lesotho', 266);
INSERT INTO `godung_online`.`country` (`country_id`, `sortname`, `country_name`, `phonecode`) VALUES  (123, 'LR', 'Liberia', 231);
INSERT INTO `godung_online`.`country` (`country_id`, `sortname`, `country_name`, `phonecode`) VALUES  (124, 'LY', 'Libya', 218);
INSERT INTO `godung_online`.`country` (`country_id`, `sortname`, `country_name`, `phonecode`) VALUES  (125, 'LI', 'Liechtenstein', 423);
INSERT INTO `godung_online`.`country` (`country_id`, `sortname`, `country_name`, `phonecode`) VALUES  (126, 'LT', 'Lithuania', 370);
INSERT INTO `godung_online`.`country` (`country_id`, `sortname`, `country_name`, `phonecode`) VALUES  (127, 'LU', 'Luxembourg', 352);
INSERT INTO `godung_online`.`country` (`country_id`, `sortname`, `country_name`, `phonecode`) VALUES  (128, 'MO', 'Macao', 853);
INSERT INTO `godung_online`.`country` (`country_id`, `sortname`, `country_name`, `phonecode`) VALUES  (129, 'MK', 'Macedonia', 389);
INSERT INTO `godung_online`.`country` (`country_id`, `sortname`, `country_name`, `phonecode`) VALUES  (130, 'MG', 'Madagascar', 261);
INSERT INTO `godung_online`.`country` (`country_id`, `sortname`, `country_name`, `phonecode`) VALUES  (131, 'MW', 'Malawi', 265);
INSERT INTO `godung_online`.`country` (`country_id`, `sortname`, `country_name`, `phonecode`) VALUES  (132, 'MY', 'Malaysia', 60);
INSERT INTO `godung_online`.`country` (`country_id`, `sortname`, `country_name`, `phonecode`) VALUES  (133, 'MV', 'Maldives', 960);
INSERT INTO `godung_online`.`country` (`country_id`, `sortname`, `country_name`, `phonecode`) VALUES  (134, 'ML', 'Mali', 223);
INSERT INTO `godung_online`.`country` (`country_id`, `sortname`, `country_name`, `phonecode`) VALUES  (135, 'MT', 'Malta', 356);
--INSERT INTO `godung_online`.`country` (`country_id`, `sortname`, `country_name`, `phonecode`) VALUES  (136, 'XM', 'Man (Isle of)', 44);
INSERT INTO `godung_online`.`country` (`country_id`, `sortname`, `country_name`, `phonecode`) VALUES  (137, 'MH', 'Marshall Islands', 692);
INSERT INTO `godung_online`.`country` (`country_id`, `sortname`, `country_name`, `phonecode`) VALUES  (138, 'MQ', 'Martinique', 596);
INSERT INTO `godung_online`.`country` (`country_id`, `sortname`, `country_name`, `phonecode`) VALUES  (139, 'MR', 'Mauritania', 222);
INSERT INTO `godung_online`.`country` (`country_id`, `sortname`, `country_name`, `phonecode`) VALUES  (140, 'MU', 'Mauritius', 230);
--INSERT INTO `godung_online`.`country` (`country_id`, `sortname`, `country_name`, `phonecode`) VALUES  (141, 'YT', 'Mayotte', 269);
INSERT INTO `godung_online`.`country` (`country_id`, `sortname`, `country_name`, `phonecode`) VALUES  (142, 'MX', 'Mexico', 52);
INSERT INTO `godung_online`.`country` (`country_id`, `sortname`, `country_name`, `phonecode`) VALUES  (143, 'FM', 'Micronesia', 691);
INSERT INTO `godung_online`.`country` (`country_id`, `sortname`, `country_name`, `phonecode`) VALUES  (144, 'MD', 'Moldova', 373);
INSERT INTO `godung_online`.`country` (`country_id`, `sortname`, `country_name`, `phonecode`) VALUES  (145, 'MC', 'Monaco', 377);
INSERT INTO `godung_online`.`country` (`country_id`, `sortname`, `country_name`, `phonecode`) VALUES  (146, 'MN', 'Mongolia', 976);
INSERT INTO `godung_online`.`country` (`country_id`, `sortname`, `country_name`, `phonecode`) VALUES  (147, 'MS', 'Montserrat', 1664);
INSERT INTO `godung_online`.`country` (`country_id`, `sortname`, `country_name`, `phonecode`) VALUES  (148, 'MA', 'Morocco', 212);
INSERT INTO `godung_online`.`country` (`country_id`, `sortname`, `country_name`, `phonecode`) VALUES  (149, 'MZ', 'Mozambique', 258);
INSERT INTO `godung_online`.`country` (`country_id`, `sortname`, `country_name`, `phonecode`) VALUES  (150, 'MM', 'Myanmar', 95);
INSERT INTO `godung_online`.`country` (`country_id`, `sortname`, `country_name`, `phonecode`) VALUES  (151, 'NA', 'Namibia', 264);
INSERT INTO `godung_online`.`country` (`country_id`, `sortname`, `country_name`, `phonecode`) VALUES  (152, 'NR', 'Nauru', 674);
INSERT INTO `godung_online`.`country` (`country_id`, `sortname`, `country_name`, `phonecode`) VALUES  (153, 'NP', 'Nepal', 977);
INSERT INTO `godung_online`.`country` (`country_id`, `sortname`, `country_name`, `phonecode`) VALUES  (154, 'AN', 'Netherlands Antilles', 599);
INSERT INTO `godung_online`.`country` (`country_id`, `sortname`, `country_name`, `phonecode`) VALUES  (155, 'NL', 'Netherlands', 31);
INSERT INTO `godung_online`.`country` (`country_id`, `sortname`, `country_name`, `phonecode`) VALUES  (156, 'NC', 'New Caledonia', 687);
INSERT INTO `godung_online`.`country` (`country_id`, `sortname`, `country_name`, `phonecode`) VALUES  (157, 'NZ', 'New Zealand', 64);
INSERT INTO `godung_online`.`country` (`country_id`, `sortname`, `country_name`, `phonecode`) VALUES  (158, 'NI', 'Nicaragua', 505);
INSERT INTO `godung_online`.`country` (`country_id`, `sortname`, `country_name`, `phonecode`) VALUES  (159, 'NE', 'Niger', 227);
INSERT INTO `godung_online`.`country` (`country_id`, `sortname`, `country_name`, `phonecode`) VALUES  (160, 'NG', 'Nigeria', 234);
--INSERT INTO `godung_online`.`country` (`country_id`, `sortname`, `country_name`, `phonecode`) VALUES  (161, 'NU', 'Niue', 683);
--INSERT INTO `godung_online`.`country` (`country_id`, `sortname`, `country_name`, `phonecode`) VALUES  (162, 'NF', 'Norfolk Island', 672);
--INSERT INTO `godung_online`.`country` (`country_id`, `sortname`, `country_name`, `phonecode`) VALUES  (163, 'MP', ' Northern Ireland Islands', 1670);
INSERT INTO `godung_online`.`country` (`country_id`, `sortname`, `country_name`, `phonecode`) VALUES  (164, 'NO', 'Norway', 47);
INSERT INTO `godung_online`.`country` (`country_id`, `sortname`, `country_name`, `phonecode`) VALUES  (165, 'OM', 'Oman', 968);
INSERT INTO `godung_online`.`country` (`country_id`, `sortname`, `country_name`, `phonecode`) VALUES  (166, 'PK', 'Pakistan', 92);
INSERT INTO `godung_online`.`country` (`country_id`, `sortname`, `country_name`, `phonecode`) VALUES  (167, 'PW', 'Palau', 680);
INSERT INTO `godung_online`.`country` (`country_id`, `sortname`, `country_name`, `phonecode`) VALUES  (168, 'PS', 'Palestine', 970);
INSERT INTO `godung_online`.`country` (`country_id`, `sortname`, `country_name`, `phonecode`) VALUES  (169, 'PA', 'Panama', 507);
INSERT INTO `godung_online`.`country` (`country_id`, `sortname`, `country_name`, `phonecode`) VALUES  (170, 'PG', 'Papua new Guinea', 675);
INSERT INTO `godung_online`.`country` (`country_id`, `sortname`, `country_name`, `phonecode`) VALUES  (171, 'PY', 'Paraguay', 595);
INSERT INTO `godung_online`.`country` (`country_id`, `sortname`, `country_name`, `phonecode`) VALUES  (172, 'PE', 'Peru', 51);
INSERT INTO `godung_online`.`country` (`country_id`, `sortname`, `country_name`, `phonecode`) VALUES  (173, 'PH', 'Philippines', 63);
--INSERT INTO `godung_online`.`country` (`country_id`, `sortname`, `country_name`, `phonecode`) VALUES  (174, 'PN', 'Pitcairn Island', 0);
INSERT INTO `godung_online`.`country` (`country_id`, `sortname`, `country_name`, `phonecode`) VALUES  (175, 'PL', 'Poland', 48);
INSERT INTO `godung_online`.`country` (`country_id`, `sortname`, `country_name`, `phonecode`) VALUES  (176, 'PT', 'Portugal', 351);
INSERT INTO `godung_online`.`country` (`country_id`, `sortname`, `country_name`, `phonecode`) VALUES  (177, 'PR', 'Puerto Rico', 1787);
INSERT INTO `godung_online`.`country` (`country_id`, `sortname`, `country_name`, `phonecode`) VALUES  (178, 'QA', 'Qatar', 974);
INSERT INTO `godung_online`.`country` (`country_id`, `sortname`, `country_name`, `phonecode`) VALUES  (179, 'RE', 'Reunion', 262);
INSERT INTO `godung_online`.`country` (`country_id`, `sortname`, `country_name`, `phonecode`) VALUES  (180, 'RO', 'Romania', 40);
INSERT INTO `godung_online`.`country` (`country_id`, `sortname`, `country_name`, `phonecode`) VALUES  (181, 'RU', 'Russia', 70);
INSERT INTO `godung_online`.`country` (`country_id`, `sortname`, `country_name`, `phonecode`) VALUES  (182, 'RW', 'Rwanda', 250);
--INSERT INTO `godung_online`.`country` (`country_id`, `sortname`, `country_name`, `phonecode`) VALUES  (183, 'SH', 'Saint Helena', 290);
--INSERT INTO `godung_online`.`country` (`country_id`, `sortname`, `country_name`, `phonecode`) VALUES  (184, 'KN', 'Saint Kitts And Nevis', 1869);
INSERT INTO `godung_online`.`country` (`country_id`, `sortname`, `country_name`, `phonecode`) VALUES  (185, 'LC', 'Saint Lucia', 1758);
--INSERT INTO `godung_online`.`country` (`country_id`, `sortname`, `country_name`, `phonecode`) VALUES  (186, 'PM', 'Saint Pierre and Miquelon', 508);
--INSERT INTO `godung_online`.`country` (`country_id`, `sortname`, `country_name`, `phonecode`) VALUES  (187, 'VC', 'Saint Vincent And The Grenadines', 1784);
INSERT INTO `godung_online`.`country` (`country_id`, `sortname`, `country_name`, `phonecode`) VALUES  (188, 'WS', 'Samoa', 684);
INSERT INTO `godung_online`.`country` (`country_id`, `sortname`, `country_name`, `phonecode`) VALUES  (189, 'SM', 'San Marino', 378);
INSERT INTO `godung_online`.`country` (`country_id`, `sortname`, `country_name`, `phonecode`) VALUES  (190, 'ST', 'Sao Tome and Principe', 239);
INSERT INTO `godung_online`.`country` (`country_id`, `sortname`, `country_name`, `phonecode`) VALUES  (191, 'SA', 'Saudi Arabia', 966);
INSERT INTO `godung_online`.`country` (`country_id`, `sortname`, `country_name`, `phonecode`) VALUES  (192, 'SN', 'Senegal', 221);
INSERT INTO `godung_online`.`country` (`country_id`, `sortname`, `country_name`, `phonecode`) VALUES  (193, 'RS', 'Serbia', 381);
INSERT INTO `godung_online`.`country` (`country_id`, `sortname`, `country_name`, `phonecode`) VALUES  (194, 'SC', 'Seychelles', 248);
INSERT INTO `godung_online`.`country` (`country_id`, `sortname`, `country_name`, `phonecode`) VALUES  (195, 'SL', 'Sierra Leone', 232);
INSERT INTO `godung_online`.`country` (`country_id`, `sortname`, `country_name`, `phonecode`) VALUES  (196, 'SG', 'Singapore', 65);
INSERT INTO `godung_online`.`country` (`country_id`, `sortname`, `country_name`, `phonecode`) VALUES  (197, 'SK', 'Slovakia', 421);
INSERT INTO `godung_online`.`country` (`country_id`, `sortname`, `country_name`, `phonecode`) VALUES  (198, 'SI', 'Slovenia', 386);
--INSERT INTO `godung_online`.`country` (`country_id`, `sortname`, `country_name`, `phonecode`) VALUES  (199, 'XG', 'Smaller Territories of the UK', 44);
INSERT INTO `godung_online`.`country` (`country_id`, `sortname`, `country_name`, `phonecode`) VALUES  (200, 'SB', 'Solomon Islands', 677);
INSERT INTO `godung_online`.`country` (`country_id`, `sortname`, `country_name`, `phonecode`) VALUES  (201, 'SO', 'Somalia', 252);
INSERT INTO `godung_online`.`country` (`country_id`, `sortname`, `country_name`, `phonecode`) VALUES  (202, 'ZA', 'South Africa', 27);
--INSERT INTO `godung_online`.`country` (`country_id`, `sortname`, `country_name`, `phonecode`) VALUES  (203, 'GS', 'South Georgia', 0);
--INSERT INTO `godung_online`.`country` (`country_id`, `sortname`, `country_name`, `phonecode`) VALUES  (204, 'SS', 'South Sudan', 211);
INSERT INTO `godung_online`.`country` (`country_id`, `sortname`, `country_name`, `phonecode`) VALUES  (205, 'ES', 'Spain', 34);
INSERT INTO `godung_online`.`country` (`country_id`, `sortname`, `country_name`, `phonecode`) VALUES  (206, 'LK', 'Sri Lanka', 94);
INSERT INTO `godung_online`.`country` (`country_id`, `sortname`, `country_name`, `phonecode`) VALUES  (207, 'SD', 'Sudan', 249);
INSERT INTO `godung_online`.`country` (`country_id`, `sortname`, `country_name`, `phonecode`) VALUES  (208, 'SR', 'Suriname', 597);
--INSERT INTO `godung_online`.`country` (`country_id`, `sortname`, `country_name`, `phonecode`) VALUES  (209, 'SJ', 'Svalbard And Jan Mayen Islands', 47);
INSERT INTO `godung_online`.`country` (`country_id`, `sortname`, `country_name`, `phonecode`) VALUES  (210, 'SZ', 'Swaziland', 268);
INSERT INTO `godung_online`.`country` (`country_id`, `sortname`, `country_name`, `phonecode`) VALUES  (211, 'SE', 'Sweden', 46);
INSERT INTO `godung_online`.`country` (`country_id`, `sortname`, `country_name`, `phonecode`) VALUES  (212, 'CH', 'Switzerland', 41);
INSERT INTO `godung_online`.`country` (`country_id`, `sortname`, `country_name`, `phonecode`) VALUES  (213, 'SY', 'Syria', 963);
INSERT INTO `godung_online`.`country` (`country_id`, `sortname`, `country_name`, `phonecode`) VALUES  (214, 'TW', 'Taiwan', 886);
INSERT INTO `godung_online`.`country` (`country_id`, `sortname`, `country_name`, `phonecode`) VALUES  (215, 'TJ', 'Tajikistan', 992);
INSERT INTO `godung_online`.`country` (`country_id`, `sortname`, `country_name`, `phonecode`) VALUES  (216, 'TZ', 'Tanzania', 255);
INSERT INTO `godung_online`.`country` (`country_id`, `sortname`, `country_name`, `phonecode`) VALUES  (217, 'TH', 'Thailand', 66);
INSERT INTO `godung_online`.`country` (`country_id`, `sortname`, `country_name`, `phonecode`) VALUES  (218, 'TG', 'Togo', 228);
--INSERT INTO `godung_online`.`country` (`country_id`, `sortname`, `country_name`, `phonecode`) VALUES  (219, 'TK', 'Tokelau', 690);
INSERT INTO `godung_online`.`country` (`country_id`, `sortname`, `country_name`, `phonecode`) VALUES  (220, 'TO', 'Tonga', 676);
INSERT INTO `godung_online`.`country` (`country_id`, `sortname`, `country_name`, `phonecode`) VALUES  (221, 'TT', 'Trinidad and Tobago', 1868);
INSERT INTO `godung_online`.`country` (`country_id`, `sortname`, `country_name`, `phonecode`) VALUES  (222, 'TN', 'Tunisia', 216);
INSERT INTO `godung_online`.`country` (`country_id`, `sortname`, `country_name`, `phonecode`) VALUES  (223, 'TR', 'Turkey', 90);
INSERT INTO `godung_online`.`country` (`country_id`, `sortname`, `country_name`, `phonecode`) VALUES  (224, 'TM', 'Turkmenistan', 7370);
INSERT INTO `godung_online`.`country` (`country_id`, `sortname`, `country_name`, `phonecode`) VALUES  (225, 'TC', 'Turks And Caicos Islands', 1649);
INSERT INTO `godung_online`.`country` (`country_id`, `sortname`, `country_name`, `phonecode`) VALUES  (226, 'TV', 'Tuvalu', 688);
INSERT INTO `godung_online`.`country` (`country_id`, `sortname`, `country_name`, `phonecode`) VALUES  (227, 'UG', 'Uganda', 256);
INSERT INTO `godung_online`.`country` (`country_id`, `sortname`, `country_name`, `phonecode`) VALUES  (228, 'UA', 'Ukraine', 380);
INSERT INTO `godung_online`.`country` (`country_id`, `sortname`, `country_name`, `phonecode`) VALUES  (229, 'AE', 'United Arab Emirates', 971);
INSERT INTO `godung_online`.`country` (`country_id`, `sortname`, `country_name`, `phonecode`) VALUES  (230, 'GB', 'United Kingdom', 44);
INSERT INTO `godung_online`.`country` (`country_id`, `sortname`, `country_name`, `phonecode`) VALUES  (231, 'US', 'United States', 1);
--INSERT INTO `godung_online`.`country` (`country_id`, `sortname`, `country_name`, `phonecode`) VALUES  (232, 'UM', 'United States Minor Outlying Islands', 1);
INSERT INTO `godung_online`.`country` (`country_id`, `sortname`, `country_name`, `phonecode`) VALUES  (233, 'UY', 'Uruguay', 598);
INSERT INTO `godung_online`.`country` (`country_id`, `sortname`, `country_name`, `phonecode`) VALUES  (234, 'UZ', 'Uzbekistan', 998);
INSERT INTO `godung_online`.`country` (`country_id`, `sortname`, `country_name`, `phonecode`) VALUES  (235, 'VU', 'Vanuatu', 678);
INSERT INTO `godung_online`.`country` (`country_id`, `sortname`, `country_name`, `phonecode`) VALUES  (236, 'VA', 'Vatican City', 39);
INSERT INTO `godung_online`.`country` (`country_id`, `sortname`, `country_name`, `phonecode`) VALUES  (237, 'VE', 'Venezuela', 58);
INSERT INTO `godung_online`.`country` (`country_id`, `sortname`, `country_name`, `phonecode`) VALUES  (238, 'VN', 'Vietnam', 84);
INSERT INTO `godung_online`.`country` (`country_id`, `sortname`, `country_name`, `phonecode`) VALUES  (239, 'VG', 'Virgin Islands British', 1284);
INSERT INTO `godung_online`.`country` (`country_id`, `sortname`, `country_name`, `phonecode`) VALUES  (240, 'VI', 'Virgin Islands US', 1340);
--INSERT INTO `godung_online`.`country` (`country_id`, `sortname`, `country_name`, `phonecode`) VALUES  (241, 'WF', 'Wallis And Futuna Islands', 681);
INSERT INTO `godung_online`.`country` (`country_id`, `sortname`, `country_name`, `phonecode`) VALUES  (242, 'EH', 'Western Sahara', 212);
INSERT INTO `godung_online`.`country` (`country_id`, `sortname`, `country_name`, `phonecode`) VALUES  (243, 'YE', 'Yemen', 967);
--INSERT INTO `godung_online`.`country` (`country_id`, `sortname`, `country_name`, `phonecode`) VALUES  (244, 'YU', 'Yugoslavia', 38);
INSERT INTO `godung_online`.`country` (`country_id`, `sortname`, `country_name`, `phonecode`) VALUES  (245, 'ZM', 'Zambia', 260);
INSERT INTO `godung_online`.`country` (`country_id`, `sortname`, `country_name`, `phonecode`) VALUES  (246, 'ZW', 'Zimbabwe', 263);

INSERT INTO `godung_online`.`currency` (`CURRENCY_ID`, `CURRENCY_CODE`, `CURRENCY_NAME`, `DESCRIPTION`) VALUES (1, 'THB', '[THB] ไทย บาท', '');
INSERT INTO `godung_online`.`currency` (`CURRENCY_ID`, `CURRENCY_CODE`, `CURRENCY_NAME`, `DESCRIPTION`) VALUES (2, 'USD', '[USD] US Dollar', '');

-- ROLE ADMIN --
INSERT INTO `godung_online`.`rolelogin` (`role_id`,`role`) VALUES ('1','ADMIN');
INSERT INTO `godung_online`.`rolelogin` (`role_id`,`role`) VALUES ('2','USER');

INSERT INTO `godung_online`.`role` (`role_id`, `version`, `role_name`) VALUES ('1', '1', 'ADMIN_SYSTEM');
INSERT INTO `godung_online`.`role` (`role_id`, `version`, `role_name`) VALUES ('2', '1', 'USER_FREE');
INSERT INTO `godung_online`.`role` (`role_id`, `version`, `role_name`) VALUES ('3', '1', 'USER_BASIC');
INSERT INTO `godung_online`.`role` (`role_id`, `version`, `role_name`) VALUES ('4', '1', 'USER_ENTERPRISE');


-- USER MENU --
INSERT INTO `godung_online`.`menu` (`menu_id`,`action`, `active`, `icon`, `name`, `code`, `priority`) VALUES ('1','/user/home', '1', 'fa fa-home', 'Home', 'menu.name.home', '1');
INSERT INTO `godung_online`.`role_menu` (`role_id`, `menu_id`) VALUES ('2', '1');

INSERT INTO `godung_online`.`menu` (`menu_id`,`action`, `active`, `icon`, `name`, `code`, `priority`) VALUES ('10','javascript:;', '1', 'fa fa-book', 'Purchase', 'menu.name.purchase', '1');
INSERT INTO `godung_online`.`menu` (`menu_id`,`action`, `active`, `icon`, `name`, `code`, `priority`,`parent_id`) VALUES ('11','/user/purchaseRequest', '1', 'fa fa-file-text-o', 'Profile', 'menu.name.purchaserequest', '1','10');
INSERT INTO `godung_online`.`role_menu` (`role_id`, `menu_id`) VALUES ('2', '10');
INSERT INTO `godung_online`.`role_menu` (`role_id`, `menu_id`) VALUES ('2', '11');

INSERT INTO `godung_online`.`menu` (`menu_id`,`action`, `active`, `icon`, `name`, `code`, `priority`) VALUES ('40','javascript:;', '1', 'fa fa-table', 'Product Management', 'menu.name.productmanagement', '30');
INSERT INTO `godung_online`.`menu` (`menu_id`,`action`, `active`, `icon`, `name`, `code`, `priority`,`parent_id`) VALUES ('41','/user/warehouse', '1', 'fa fa-home', 'Werehouse', 'menu.name.werehouse', '1','40');
INSERT INTO `godung_online`.`menu` (`menu_id`,`action`, `active`, `icon`, `name`, `code`, `priority`,`parent_id`) VALUES ('42','/user/product', '1', 'fa fa-cubes', 'Product', 'menu.name.product', '2','40');
INSERT INTO `godung_online`.`menu` (`menu_id`,`action`, `active`, `icon`, `name`, `code`, `priority`,`parent_id`) VALUES ('43','/user/brand', '1', 'fa fa-tags', 'Brand', 'menu.name.brand', '3','40');
INSERT INTO `godung_online`.`menu` (`menu_id`,`action`, `active`, `icon`, `name`, `code`, `priority`,`parent_id`) VALUES ('44','/user/measure', '1', 'fa fa-book', 'Measure', 'menu.name.measure', '4','40');
INSERT INTO `godung_online`.`menu` (`menu_id`,`action`, `active`, `icon`, `name`, `code`, `priority`,`parent_id`) VALUES ('45','/user/category', '1', 'fa fa-sitemap', 'Category', 'menu.name.category', '5','40');
INSERT INTO `godung_online`.`role_menu` (`role_id`, `menu_id`) VALUES ('2', '40');
INSERT INTO `godung_online`.`role_menu` (`role_id`, `menu_id`) VALUES ('2', '41');
INSERT INTO `godung_online`.`role_menu` (`role_id`, `menu_id`) VALUES ('2', '42');
INSERT INTO `godung_online`.`role_menu` (`role_id`, `menu_id`) VALUES ('2', '43');
INSERT INTO `godung_online`.`role_menu` (`role_id`, `menu_id`) VALUES ('2', '44');
INSERT INTO `godung_online`.`role_menu` (`role_id`, `menu_id`) VALUES ('2', '45');

INSERT INTO `godung_online`.`menu` (`menu_id`,`action`, `active`, `icon`, `name`, `code`, `priority`) VALUES ('50','javascript:;', '1', 'fa fa-users', 'Person Management', 'menu.name.person.management', '40');
INSERT INTO `godung_online`.`menu` (`menu_id`,`action`, `active`, `icon`, `name`, `code`, `priority`,`parent_id`) VALUES ('51','/user/supplier', '1', 'fa fa-university', 'Supplier', 'menu.name.supplier', '1','50');
INSERT INTO `godung_online`.`menu` (`menu_id`,`action`, `active`, `icon`, `name`, `code`, `priority`,`parent_id`) VALUES ('52','/user/customer', '1', 'fa fa-user', 'Customer', 'menu.name.customer', '2','50');
INSERT INTO `godung_online`.`menu` (`menu_id`,`action`, `active`, `icon`, `name`, `code`, `priority`,`parent_id`) VALUES ('53','/user/employee', '1', 'fa fa-users', 'Employee', 'menu.name.employee', '3','50');
INSERT INTO `godung_online`.`role_menu` (`role_id`, `menu_id`) VALUES ('2', '50');
INSERT INTO `godung_online`.`role_menu` (`role_id`, `menu_id`) VALUES ('2', '51');
INSERT INTO `godung_online`.`role_menu` (`role_id`, `menu_id`) VALUES ('2', '52');
INSERT INTO `godung_online`.`role_menu` (`role_id`, `menu_id`) VALUES ('2', '53');

INSERT INTO `godung_online`.`menu` (`menu_id`,`action`, `active`, `icon`, `name`, `code`, `priority`) VALUES ('100','javascript:;', '1', 'fa fa-cogs', 'Setting', 'menu.name.setting', '50');
INSERT INTO `godung_online`.`menu` (`menu_id`,`action`, `active`, `icon`, `name`, `code`, `priority`,`parent_id`) VALUES ('101','/user/profile', '1', 'fa fa-user', 'Profile', 'menu.name.profile', '1','100');
INSERT INTO `godung_online`.`menu` (`menu_id`,`action`, `active`, `icon`, `name`, `code`, `priority`,`parent_id`) VALUES ('102','/user/rolegodung', '1', 'fa fa-briefcase', 'Rolegodung', 'menu.name.rolegodung', '2','100');
INSERT INTO `godung_online`.`role_menu` (`role_id`, `menu_id`) VALUES ('2', '100');
INSERT INTO `godung_online`.`role_menu` (`role_id`, `menu_id`) VALUES ('2', '101');
INSERT INTO `godung_online`.`role_menu` (`role_id`, `menu_id`) VALUES ('2', '102');

-- ADMIN MENU --
INSERT INTO `godung_online`.`menu` (`menu_id`,`action`, `active`, `icon`, `name`, `code`, `priority`) VALUES ('200','/admin/home', '1', 'fa fa-home', 'Home', 'menu.name.home', '1');
INSERT INTO `godung_online`.`menu` (`menu_id`,`action`, `active`, `icon`, `name`, `code`, `priority`) VALUES ('201','/admin/user', '1', 'fa fa-user', 'Users', 'menu.name.user', '2');
INSERT INTO `godung_online`.`menu` (`menu_id`,`action`, `active`, `icon`, `name`, `code`, `priority`) VALUES ('202','/admin/role', '1', 'fa fa-tasks', 'Roles', 'menu.name.role', '3');
INSERT INTO `godung_online`.`menu` (`menu_id`,`action`, `active`, `icon`, `name`, `code`, `priority`) VALUES ('203','/admin/menu', '1', 'fa fa-desktop', 'Menu', 'menu.name.menu', '4');
INSERT INTO `godung_online`.`role_menu` (`role_id`, `menu_id`) VALUES ('1', '200');
INSERT INTO `godung_online`.`role_menu` (`role_id`, `menu_id`) VALUES ('1', '201');
INSERT INTO `godung_online`.`role_menu` (`role_id`, `menu_id`) VALUES ('1', '202');
INSERT INTO `godung_online`.`role_menu` (`role_id`, `menu_id`) VALUES ('1', '203');


-- COMMON CODE --
INSERT INTO `godung_online`.`common` (`common_id`, `common_type`, `common_key`, `common_value`, `description`,`sequence`) VALUES ('1', 'LANGUAGE', 'th', 'ภาษาไทย', 'language thai','1');
INSERT INTO `godung_online`.`common` (`common_id`, `common_type`, `common_key`, `common_value`, `description`,`sequence`) VALUES ('2', 'LANGUAGE', 'en', 'English', 'language Englist','2');

--APPROVE ROLE --
INSERT INTO `godung_online`.`approverrole` (`approverrole_code`, `name`,`message`,`sequence`) VALUES ('verify', 'verify' ,'approve.role.verify','1');
INSERT INTO `godung_online`.`approverrole` (`approverrole_code`, `name`,`message`,`sequence`) VALUES ('approve', 'approve' ,'approve.role.approve','2');

--APPROVE ACTION --
INSERT INTO `godung_online`.`approveraction` (`approveraction_code`, `name`,`message`) VALUES ('reject', 'reject' ,'approve.action.reject');
INSERT INTO `godung_online`.`approveraction` (`approveraction_code`, `name`,`message`) VALUES ('approve', 'approve' ,'approve.action.approve');
INSERT INTO `godung_online`.`approveraction` (`approveraction_code`, `name`,`message`) VALUES ('cancel', 'cancel' ,'approve.action.cancel');

--PROCESS STATUS ACTION --
INSERT INTO `godung_online`.`processstatus` (`processstatus_code`, `name`,`message`,`sequence`) VALUES ('draft', 'draft' ,'process.status.draft','1');
INSERT INTO `godung_online`.`processstatus` (`processstatus_code`, `name`,`message`,`sequence`) VALUES ('process', 'process' ,'process.status.process','2');
INSERT INTO `godung_online`.`processstatus` (`processstatus_code`, `name`,`message`,`sequence`) VALUES ('reject', 'reject' ,'process.status.reject','3');
INSERT INTO `godung_online`.`processstatus` (`processstatus_code`, `name`,`message`,`sequence`) VALUES ('cancel', 'cancel' ,'process.status.cancel','4');
INSERT INTO `godung_online`.`processstatus` (`processstatus_code`, `name`,`message`,`sequence`) VALUES ('wait_verify', 'wait_verify' ,'process.status.wait.verify','5');
INSERT INTO `godung_online`.`processstatus` (`processstatus_code`, `name`,`message`,`sequence`) VALUES ('wait_approve', 'wait_approve' ,'process.status.wait.approve','6');
INSERT INTO `godung_online`.`processstatus` (`processstatus_code`, `name`,`message`,`sequence`) VALUES ('complete', 'complete' ,'process.status.complete','7');


-- ADD USER ADMIN --
INSERT INTO `godung_online`.`user` (`user_id`,`active`, `email`, `name`, `password`,`language`) VALUES ('1','1', 'admin@gmail.com', 'admin', '$2a$10$z3LIFllUl2jRgzEBl2JYnucHH8v7Dp64A11du7Ehmo6drTf7jeOKq','en');
INSERT INTO `godung_online`.`user_rolelogin` (`user_id`, `role_id`) VALUES ('1', '1');
INSERT INTO `godung_online`.`godung` (`godung_id`, `godung_name`, `create_date`, `create_user`, `version`, `active`) VALUES ('1', 'admin', SYSDATE() , 'SYSTEM', '0', '1');
INSERT INTO `godung_online`.`godung_user_role` (`id`, `godung_id`, `role_id`, `user_id`) VALUES ('1', '1', '1', '1');

-- ADD USER USER --
INSERT INTO `godung_online`.`user` (`user_id`,`active`, `email`, `name`, `password`,`language`) VALUES ('2','1', 'user@gmail.com', 'user niyomthrong', '$2a$10$MdTHdzf7fafXyH72gWn5XuPYj1GsPUYUqF5tSt6bmw75LVMsONEl.','th');
INSERT INTO `godung_online`.`user_rolelogin` (`user_id`, `role_id`) VALUES ('2', '2');
INSERT INTO `godung_online`.`godung` (`godung_id`, `godung_name`, `create_date`, `create_user`, `version`, `active`) VALUES ('2', 'userGodung', SYSDATE() , 'SYSTEM', '0', '1');
INSERT INTO `godung_online`.`godung_user_role` (`id`, `godung_id`, `role_id`, `user_id`) VALUES ('2', '2', '2', '2');
INSERT INTO `godung_online`.`category` (`category_id`,`category_code`, `create_date`, `create_user`, `version`, `category_name`, `godung_id`, `description`) VALUES ('1', 'CAT20170830-00001', SYSDATE(), 'SYSTEM', '0', 'เหล็ก', '2','อุปกรณ์เหล็ก');
INSERT INTO `godung_online`.`category` (`category_id`,`category_code`, `create_date`, `create_user`, `version`, `category_name`, `godung_id`, `description`) VALUES ('2', 'CAT20170830-00002', SYSDATE(), 'SYSTEM', '0', 'กระจก', '2','อุปกรณ์กระจก');
INSERT INTO `godung_online`.`category` (`category_id`,`category_code`, `create_date`, `create_user`, `version`, `category_name`, `godung_id`, `description`) VALUES ('3', 'CAT20170830-00003', SYSDATE(), 'SYSTEM', '0', 'อลูมิเนียม', '2','อุปกรณ์อลูมิเนียม');

INSERT INTO `godung_online`.`measure` (`measure_id`,`measure_code`, `create_date`, `create_user`, `version`, `measure_name`, `godung_id`, `description`) VALUES ('1', 'MEA20170830-00001', SYSDATE(), 'SYSTEM', '0', 'เส้น', '2','อุปกรณ์เหล็ก');
INSERT INTO `godung_online`.`measure` (`measure_id`,`measure_code`, `create_date`, `create_user`, `version`, `measure_name`, `godung_id`, `description`) VALUES ('2', 'MEA20170830-00002', SYSDATE(), 'SYSTEM', '0', 'แผ่น', '2','อุปกรณ์กระจก');
INSERT INTO `godung_online`.`measure` (`measure_id`,`measure_code`, `create_date`, `create_user`, `version`, `measure_name`, `godung_id`, `description`) VALUES ('3', 'MEA20170830-00003', SYSDATE(), 'SYSTEM', '0', 'ท่อ', '2','อุปกรณ์อลูมิเนียม');

INSERT INTO `godung_online`.`brand` (`brand_id`,`brand_code`, `create_date`, `create_user`, `version`, `brand_name`, `godung_id`, `description`) VALUES ('1', 'BRA20170830-00001', SYSDATE(), 'SYSTEM', '0', 'KingSteel', '2','');
INSERT INTO `godung_online`.`brand` (`brand_id`,`brand_code`, `create_date`, `create_user`, `version`, `brand_name`, `godung_id`, `description`) VALUES ('2', 'BRA20170830-00002', SYSDATE(), 'SYSTEM', '0', 'TSG', '2','');
INSERT INTO `godung_online`.`brand` (`brand_id`,`brand_code`, `create_date`, `create_user`, `version`, `brand_name`, `godung_id`, `description`) VALUES ('3', 'BRA20170830-00003', SYSDATE(), 'SYSTEM', '0', 'Alumet', '2','');

INSERT INTO `godung_online`.`warehouse` (`warehouse_id`,`warehouse_code`, `create_date`, `create_user`, `version`, `warehouse_name`, `godung_id`, `description`) VALUES ('1', 'WAR20170830-00001', SYSDATE(), 'SYSTEM', '0', 'คลังสินค้าฉะเชิงเทรา', '2','คลังสินค้า ที่จังหวัดฉะเชิงเทรา');
INSERT INTO `godung_online`.`location` (`location_Id`,`location_code`, `aisle`,`unit`,`shelf`,`description`,`create_date`, `create_user`, `version`) VALUES ('1', '001-001-001','001','001','001','เก็บเหล็ก',SYSDATE(), 'SYSTEM', '0');
INSERT INTO `godung_online`.`location` (`location_Id`,`location_code`, `aisle`,`unit`,`shelf`,`description`,`create_date`, `create_user`, `version`) VALUES ('2', '001-001-002','001','001','002','เก็บกระจก',SYSDATE(), 'SYSTEM', '0');
INSERT INTO `godung_online`.`location` (`location_Id`,`location_code`, `aisle`,`unit`,`shelf`,`description`,`create_date`, `create_user`, `version`) VALUES ('3', '001-001-003','001','001','003','เก็บท่อ',SYSDATE(), 'SYSTEM', '0');
INSERT INTO `godung_online`.`warehouse_location` (`warehouse_id`, `location_id`) VALUES ('1', '1');
INSERT INTO `godung_online`.`warehouse_location` (`warehouse_id`, `location_id`) VALUES ('1', '2');
INSERT INTO `godung_online`.`warehouse_location` (`warehouse_id`, `location_id`) VALUES ('1', '3');


INSERT INTO `godung_online`.`rolegodung` (`rolegodung_id`,`rolegodung_code`, `create_date`, `create_user`, `version`, `rolegodung_name`, `godung_id`, `description`) VALUES ('1', 'ROL20170830-00001', SYSDATE(), 'SYSTEM', '0', 'ผู้จัดการ', '2','');
INSERT INTO `godung_online`.`rolegodung` (`rolegodung_id`,`rolegodung_code`, `create_date`, `create_user`, `version`, `rolegodung_name`, `godung_id`, `description`) VALUES ('2', 'ROL20170830-00002', SYSDATE(), 'SYSTEM', '0', 'พนักงานขายหน้าร้าน', '2','');
INSERT INTO `godung_online`.`rolegodung` (`rolegodung_id`,`rolegodung_code`, `create_date`, `create_user`, `version`, `rolegodung_name`, `godung_id`, `description`) VALUES ('3', 'ROL20170830-00003', SYSDATE(), 'SYSTEM', '0', 'พนักงานคลังสินค้า', '2','');

-- SUPPLIER --
INSERT INTO `godung_online`.`address` (`address_id`,`street1`,`street2`,`city`,`province_code`,`postcode`,`country_id`,`version`) VALUES (1,'103/64 ถนนศุภกิจ','ต.หน้าเมือง','อ.เมือง',1,'24000',217,0);
INSERT INTO `godung_online`.`address` (`address_id`,`street1`,`street2`,`city`,`province_code`,`postcode`,`country_id`,`version`) VALUES (2,'103/64 ถนนศุภกิจ','ต.หน้าเมือง','อ.เมือง',1,'24000',217,0);
INSERT INTO `godung_online`.`address` (`address_id`,`street1`,`street2`,`city`,`province_code`,`postcode`,`country_id`,`version`) VALUES (3,'111/11 ถนนศุภกิจ','ต.หน้าเมือง','อ.เมือง',15,'24000',217,0);
INSERT INTO `godung_online`.`address` (`address_id`,`street1`,`street2`,`city`,`province_code`,`postcode`,`country_id`,`version`) VALUES (4,'111/11 ถนนศุภกิจ','ต.หน้าเมือง','อ.เมือง',15,'24000',217,0);
INSERT INTO `godung_online`.`supplier` (`supplier_id`,`email`,`title`,`first_name`,`last_name`,`national_number`,`supplier_code`,`supplier_type`,`tax_number`,`telephone`,`address_id`,`address_send_id`,`godung_id`,`version`) VALUES (1,'yeamgood@gmail.com','นาย','ธนรัฐ','นิยมตรง','1101500243245','SUP20170830-00001','PERSON','','0878336750',1,2,2,0);
INSERT INTO `godung_online`.`supplier` (`supplier_id`,`email`,`title`,`first_name`,`last_name`,`national_number`,`supplier_code`,`supplier_type`,`tax_number`,`telephone`,`address_id`,`address_send_id`,`godung_id`,`version`) VALUES (2,'thailand@gmail.com','','บริษัทไทยแลน','','1101500243245','SUP20170830-00002','COMPANY','','0878336750',3,4,2,0);

-- CUSTOMER --
INSERT INTO `godung_online`.`address` (`address_id`,`street1`,`street2`,`city`,`province_code`,`postcode`,`country_id`,`version`) VALUES (5,'103/64 ถนนศุภกิจ','ต.หน้าเมือง','อ.เมือง',1,'24000',217,0);
INSERT INTO `godung_online`.`address` (`address_id`,`street1`,`street2`,`city`,`province_code`,`postcode`,`country_id`,`version`) VALUES (6,'103/64 ถนนศุภกิจ','ต.หน้าเมือง','อ.เมือง',1,'24000',217,0);
INSERT INTO `godung_online`.`address` (`address_id`,`street1`,`street2`,`city`,`province_code`,`postcode`,`country_id`,`version`) VALUES (7,'111/11 ถนนศุภกิจ','ต.หน้าเมือง','อ.เมือง',15,'24000',217,0);
INSERT INTO `godung_online`.`address` (`address_id`,`street1`,`street2`,`city`,`province_code`,`postcode`,`country_id`,`version`) VALUES (8,'111/11 ถนนศุภกิจ','ต.หน้าเมือง','อ.เมือง',15,'24000',217,0);
INSERT INTO `godung_online`.`customer` (`customer_id`,`email`,`title`,`first_name`,`last_name`,`national_number`,`customer_code`,`customer_type`,`tax_number`,`telephone`,`address_id`,`address_send_id`,`godung_id`,`version`) VALUES (1,'yeamgood@gmail.com','นาย','ธนรัฐ','นิยมตรง','1101500243245','CUS20170830-00001','PERSON','','0878336750',5,6,2,0);
INSERT INTO `godung_online`.`customer` (`customer_id`,`email`,`title`,`first_name`,`last_name`,`national_number`,`customer_code`,`customer_type`,`tax_number`,`telephone`,`address_id`,`address_send_id`,`godung_id`,`version`) VALUES (2,'thailand@gmail.com','','บริษัทไทยแลน','','1101500243245','CUS20170830-00002','COMPANY','','0878336750',7,8,2,0);

-- EMPLOYEE --
INSERT INTO `godung_online`.`address` (`address_id`,`street1`,`street2`,`city`,`province_code`,`postcode`,`country_id`,`version`) VALUES (9,'103/64 ถนนศุภกิจ','ต.หน้าเมือง','อ.เมือง',1,'24000',217,0);
INSERT INTO `godung_online`.`address` (`address_id`,`street1`,`street2`,`city`,`province_code`,`postcode`,`country_id`,`version`) VALUES (10,'103/64 ถนนศุภกิจ','ต.หน้าเมือง','อ.เมือง',1,'24000',217,0);
INSERT INTO `godung_online`.`employee` (`employee_id`,`email`,`title`,`first_name`,`last_name`,`national_number`,`employee_code`,`tax_number`,`telephone`,`address_id`,`godung_id`,`rolegodung_id`,`version`) VALUES (1,'yeamgood@gmail.com','นาย','ธนรัฐ','นิยมตรง','1101500243245','EMP20170830-00001','','0878336750',9,2,1,0);
INSERT INTO `godung_online`.`employee` (`employee_id`,`email`,`title`,`first_name`,`last_name`,`national_number`,`employee_code`,`tax_number`,`telephone`,`address_id`,`godung_id`,`rolegodung_id`,`version`) VALUES (2,'thailand@gmail.com','นาย','สมชาย','ใจดี','1101500243245','EMP20170830-00002','','0878336750',10,2,2,0);

INSERT INTO `godung_online`.`product` (`product_id`,`product_code`, `brand_id`, `measure_id`, `category_id`, `version`, `product_name`, `godung_id`, `description`) VALUES ('1', 'PRO20170830-00001', '1','1','3', '0', 'เหล็กท่อ 1.5นิ้ว', '2','');
INSERT INTO `godung_online`.`product` (`product_id`,`product_code`, `brand_id`, `measure_id`, `category_id`, `version`, `product_name`, `godung_id`, `description`) VALUES ('2', 'PRO20170830-00002', '1','1','3', '0', 'เหล็กท่อ 2นิ้ว', '2','');
INSERT INTO `godung_online`.`product` (`product_id`,`product_code`, `brand_id`, `measure_id`, `category_id`, `version`, `product_name`, `godung_id`, `description`) VALUES ('3', 'PRO20170830-00003', '1','1','3', '0', 'เหล็กท่อ 3นิ้ว', '2','');
INSERT INTO `godung_online`.`product` (`product_id`,`product_code`, `brand_id`, `measure_id`, `category_id`, `version`, `product_name`, `godung_id`, `description`) VALUES ('4', 'PRO20170830-00004', '2','2','2', '0', 'กระจกใสบานใหญ่', '2','');
INSERT INTO `godung_online`.`sale` (`sale_id`, `create_date`, `create_user`, `version`, `end_date`, `price`, `start_date`, `currency_id`, `measure_id`) VALUES ('1', '2017-09-16 23:10:58', 'user@gmail.com', '0', '2017-09-15 00:00:00', '1000.00', '2017-09-15 00:00:00', '1', '2');
INSERT INTO `godung_online`.`product_sale` (`product_id`, `sale_id`) VALUES ('1', '1');
INSERT INTO `godung_online`.`dealer` (`dealer_id`, `create_date`, `create_user`, `version`, `end_date`, `price`, `start_date`, `measure_id`, `supplier_id`, `currency_id`) VALUES ('1', '2017-09-16 23:20:09', 'user@gmail.com', '0', '2018-09-23 00:00:00', '2000.00', '2017-09-16 00:00:00', '2', '2', '1');
INSERT INTO `godung_online`.`product_dealer` (`product_id`, `dealer_id`) VALUES ('1', '1');
INSERT INTO `godung_online`.`stock` (`stock_id`, `create_date`, `create_user`, `version`, `remind_number`, `location_id`, `warehouse_id`) VALUES ('1', '2017-09-16 23:21:43', 'user@gmail.com', '0', '10.00', '1', '1');
INSERT INTO `godung_online`.`product_stock` (`product_id`, `stock_id`) VALUES ('1', '1');

INSERT INTO `godung_online`.`purchaserequest` (`purchaserequest_id`, `create_date`, `create_user`, `version`, `demand_date`, `description`, `purchaserequest_code`, `reference_number`, `requst_date`, `employee_id`, `godung_id`) VALUES ('1', '2017-09-27 16:41:12', 'user@gmail.com', '4', '2017-09-27 00:00:00', '', 'PR20170927-00001', '', '2017-09-27 00:00:00', '1', '2');
INSERT INTO `godung_online`.`purchaserequestproduct` (`purchaserequestproduct_id`, `version`, `amount`, `price`, `measure_id`, `product_id`) VALUES ('1', '0', '1.00', '2000.00', '1', '1');
INSERT INTO `godung_online`.`purchaserequestproduct` (`purchaserequestproduct_id`, `version`, `amount`, `price`, `measure_id`, `product_id`) VALUES ('2', '0', '1.00', '2000.00', '1', '1');
INSERT INTO `godung_online`.`purchaserequest_purchaserequestproduct` (`purchaserequest_id`, `purchaserequestproduct_id`) VALUES ('1', '1');
INSERT INTO `godung_online`.`purchaserequest_purchaserequestproduct` (`purchaserequest_id`, `purchaserequestproduct_id`) VALUES ('1', '2');

-- APPROVER --
INSERT INTO `godung_online`.`approver` (`approver_id`, `create_date`, `create_user`, `version`, `request_date`, `sequence`, `approverrole_code`, `employee_id`) VALUES ('1', '2017-10-15 18:19:46', 'user@gmail.com', '0', '2017-10-15 18:19:46', '1', 'verify', '1');
INSERT INTO `godung_online`.`approver` (`approver_id`, `create_date`, `create_user`, `version`, `request_date`, `sequence`, `approverrole_code`, `employee_id`) VALUES ('2', '2017-10-15 18:19:46', 'user@gmail.com', '0', '2017-10-15 18:19:46', '2', 'approve', '2');
INSERT INTO `godung_online`.`purchaserequest_approver` (`purchaserequest_id`, `approver_id`) VALUES ('1', '1');
INSERT INTO `godung_online`.`purchaserequest_approver` (`purchaserequest_id`, `approver_id`) VALUES ('1', '2');

-- DOCUMENT --
INSERT INTO `godung_online`.`document` (`document_id`, `create_date`, `create_user`, `version`, `content`, `description`, `name`, `size`, `type`) VALUES ('1', '2017-10-15 18:30:12', 'user@gmail.com', '0', '', 'ทอสอบ 1', 'document.pdf', '367324', 'application/pdf');
INSERT INTO `godung_online`.`document` (`document_id`, `create_date`, `create_user`, `version`, `content`, `description`, `name`, `size`, `type`) VALUES ('2', '2017-10-15 18:30:12', 'user@gmail.com', '0', '', 'ทอสอบ 1', 'เอกสาร.pdf', '167324', 'application/pdf');
INSERT INTO `godung_online`.`purchaserequest_document` (`purchaserequest_id`, `document_Id`) VALUES ('1', '1');
INSERT INTO `godung_online`.`purchaserequest_document` (`purchaserequest_id`, `document_Id`) VALUES ('1', '2');

-- ADD USER USER SELENIUM --
INSERT INTO `godung_online`.`user` (`user_id`,`active`, `email`, `name`, `password`,`language`) VALUES ('3','1', 'user2@gmail.com', 'Selenium User', '$2a$10$2ENrJAZwLxRopqim.mRDgOCK9BzDUDNxk38EUot/2wQ90KgqHLGX6','en');
INSERT INTO `godung_online`.`user_rolelogin` (`user_id`, `role_id`) VALUES ('3', '2');
INSERT INTO `godung_online`.`godung` (`godung_id`, `godung_name`, `create_date`, `create_user`, `version`, `active`) VALUES ('3', 'Selenium Godung', SYSDATE() , 'SYSTEM', '0', '1');
INSERT INTO `godung_online`.`godung_user_role` (`id`, `godung_id`, `role_id`, `user_id`) VALUES ('3', '3', '2', '3');